Date,Rainfall (mm),Delay (1/0)
2018-01-01,6.3,0
2018-01-02,46.2,1
2018-01-03,2.0,0
2018-01-04,49.5,1
2018-01-05,45.3,1
2018-01-06,12.6,0
2018-01-07,46.6,1
2018-01-08,30.7,1
2018-01-09,21.8,0
2018-01-10,37.8,1
2018-01-11,4.1,0
2018-01-12,48.7,1
2018-01-13,13.6,0
2018-01-14,32.5,1
2018-01-15,10.0,0
2018-01-16,49.2,1
2018-01-17,28.3,1
2018-01-18,43.9,1
2018-01-19,7.1,0
2018-01-20,23.6,0
2018-01-21,11.2,0
2018-01-22,20.6,0
2018-01-23,47.5,1
2018-01-24,48.2,1
2018-01-25,2.2,0
2018-01-26,18.3,0
2018-01-27,13.7,0
2018-01-28,18.7,0
2018-01-29,22.6,0
2018-01-30,19.3,0
2018-01-31,6.2,0
2018-02-01,31.9,1
2018-02-02,25.0,0
2018-02-03,21.8,0
2018-02-04,40.5,1
2018-02-05,29.4,1
2018-02-06,6.7,0
2018-02-07,32.1,1
2018-02-08,35.8,1
2018-02-09,11.8,0
2018-02-10,37.9,1
2018-02-11,32.4,1
2018-02-12,21.1,0
2018-02-13,5.0,0
2018-02-14,43.1,1
2018-02-15,21.3,0
2018-02-16,40.3,1
2018-02-17,20.2,0
2018-02-18,12.5,0
2018-02-19,3.7,0
2018-02-20,46.8,1
2018-02-21,35.7,1
2018-02-22,11.9,0
2018-02-23,17.5,0
2018-02-24,27.4,1
2018-02-25,40.9,1
2018-02-26,23.4,0
2018-02-27,40.5,1
2018-02-28,34.0,1
2018-03-01,21.2,0
2018-03-02,29.1,1
2018-03-03,49.6,1
2018-03-04,7.7,0
2018-03-05,46.5,1
2018-03-06,47.7,1
2018-03-07,22.8,0
2018-03-08,17.0,0
2018-03-09,22.4,0
2018-03-10,2.5,0
2018-03-11,27.5,1
2018-03-12,4.6,0
2018-03-13,12.3,0
2018-03-14,35.1,1
2018-03-15,46.1,1
2018-03-16,48.4,1
2018-03-17,21.1,0
2018-03-18,27.3,1
2018-03-19,40.5,1
2018-03-20,49.9,1
2018-03-21,49.0,1
2018-03-22,18.6,0
2018-03-23,35.4,1
2018-03-24,28.9,1
2018-03-25,26.2,1
2018-03-26,32.3,1
2018-03-27,31.6,1
2018-03-28,4.0,0
2018-03-29,25.3,1
2018-03-30,18.0,0
2018-03-31,36.8,1
2018-04-01,36.6,1
2018-04-02,46.4,1
2018-04-03,37.5,1
2018-04-04,9.2,0
2018-04-05,23.8,0
2018-04-06,27.8,1
2018-04-07,0.1,0
2018-04-08,14.2,0
2018-04-09,46.4,1
2018-04-10,21.3,0
2018-04-11,49.7,1
2018-04-12,27.2,1
2018-04-13,23.1,0
2018-04-14,30.6,1
2018-04-15,0.7,0
2018-04-16,32.3,1
2018-04-17,13.8,0
2018-04-18,49.3,1
2018-04-19,12.4,0
2018-04-20,2.9,0
2018-04-21,20.2,0
2018-04-22,24.5,0
2018-04-23,22.5,0
2018-04-24,25.2,1
2018-04-25,8.4,0
2018-04-26,46.2,1
2018-04-27,48.1,1
2018-04-28,46.1,1
2018-04-29,8.7,0
2018-04-30,35.5,1
2018-05-01,14.4,0
2018-05-02,33.0,1
2018-05-03,44.7,1
2018-05-04,2.8,0
2018-05-05,43.6,1
2018-05-06,1.0,0
2018-05-07,28.2,1
2018-05-08,27.2,1
2018-05-09,24.0,0
2018-05-10,0.8,0
2018-05-11,21.4,0
2018-05-12,0.6,0
2018-05-13,5.0,0
2018-05-14,35.8,1
2018-05-15,10.5,0
2018-05-16,9.0,0
2018-05-17,33.8,1
2018-05-18,11.3,0
2018-05-19,0.5,0
2018-05-20,39.9,1
2018-05-21,9.9,0
2018-05-22,44.8,1
2018-05-23,10.6,0
2018-05-24,32.2,1
2018-05-25,32.1,1
2018-05-26,29.6,1
2018-05-27,49.0,1
2018-05-28,23.2,0
2018-05-29,6.8,0
2018-05-30,48.4,1
2018-05-31,37.4,1
2018-06-01,45.7,1
2018-06-02,21.8,0
2018-06-03,19.7,0
2018-06-04,22.3,0
2018-06-05,3.4,0
2018-06-06,36.5,1
2018-06-07,23.5,0
2018-06-08,48.5,1
2018-06-09,7.0,0
2018-06-10,40.3,1
2018-06-11,25.7,1
2018-06-12,31.3,1
2018-06-13,26.5,1
2018-06-14,47.3,1
2018-06-15,39.0,1
2018-06-16,45.1,1
2018-06-17,35.1,1
2018-06-18,4.1,0
2018-06-19,36.5,1
2018-06-20,31.5,1
2018-06-21,6.1,0
2018-06-22,14.9,0
2018-06-23,37.1,1
2018-06-24,24.6,0
2018-06-25,17.5,0
2018-06-26,13.5,0
2018-06-27,36.7,1
2018-06-28,7.6,0
2018-06-29,15.1,0
2018-06-30,35.7,1
2018-07-01,2.6,0
2018-07-02,6.0,0
2018-07-03,33.4,1
2018-07-04,21.0,0
2018-07-05,38.8,1
2018-07-06,19.5,0
2018-07-07,24.6,0
2018-07-08,39.2,1
2018-07-09,24.0,0
2018-07-10,19.5,0
2018-07-11,4.4,0
2018-07-12,12.9,0
2018-07-13,26.7,1
2018-07-14,25.7,1
2018-07-15,22.5,0
2018-07-16,28.5,1
2018-07-17,24.6,0
2018-07-18,19.9,0
2018-07-19,13.8,0
2018-07-20,10.1,0
2018-07-21,32.1,1
2018-07-22,42.2,1
2018-07-23,38.2,1
2018-07-24,1.7,0
2018-07-25,44.6,1
2018-07-26,28.8,1
2018-07-27,31.8,1
2018-07-28,14.0,0
2018-07-29,26.7,1
2018-07-30,23.4,0
2018-07-31,49.2,1
2018-08-01,38.6,1
2018-08-02,1.0,0
2018-08-03,13.6,0
2018-08-04,17.0,0
2018-08-05,30.6,1
2018-08-06,43.9,1
2018-08-07,33.2,1
2018-08-08,33.7,1
2018-08-09,8.9,0
2018-08-10,6.6,0
2018-08-11,25.8,1
2018-08-12,21.1,0
2018-08-13,43.3,1
2018-08-14,37.2,1
2018-08-15,22.4,0
2018-08-16,1.5,0
2018-08-17,40.0,1
2018-08-18,30.8,1
2018-08-19,43.5,1
2018-08-20,13.9,0
2018-08-21,42.0,1
2018-08-22,0.2,0
2018-08-23,3.8,0
2018-08-24,10.5,0
2018-08-25,4.3,0
2018-08-26,36.8,1
2018-08-27,20.4,0
2018-08-28,3.6,0
2018-08-29,48.0,1
2018-08-30,18.8,0
2018-08-31,25.3,1
2018-09-01,39.4,1
2018-09-02,49.1,1
2018-09-03,33.0,1
2018-09-04,5.9,0
2018-09-05,42.7,1
2018-09-06,13.4,0
2018-09-07,5.3,0
2018-09-08,49.0,1
2018-09-09,44.3,1
2018-09-10,26.7,1
2018-09-11,30.2,1
2018-09-12,6.4,0
2018-09-13,37.8,1
2018-09-14,49.9,1
2018-09-15,25.3,1
2018-09-16,43.8,1
2018-09-17,19.1,0
2018-09-18,20.7,0
2018-09-19,43.2,1
2018-09-20,34.4,1
2018-09-21,8.5,0
2018-09-22,37.8,1
2018-09-23,16.4,0
2018-09-24,15.0,0
2018-09-25,48.7,1
2018-09-26,34.3,1
2018-09-27,18.2,0
2018-09-28,26.9,1
2018-09-29,1.0,0
2018-09-30,27.1,1
2018-10-01,9.9,0
2018-10-02,41.0,1
2018-10-03,20.7,0
2018-10-04,35.7,1
2018-10-05,49.9,1
2018-10-06,28.5,1
2018-10-07,40.2,1
2018-10-08,25.4,1
2018-10-09,21.5,0
2018-10-10,43.9,1
2018-10-11,47.5,1
2018-10-12,20.9,0
2018-10-13,0.8,0
2018-10-14,49.3,1
2018-10-15,1.8,0
2018-10-16,23.1,0
2018-10-17,6.8,0
2018-10-18,49.3,1
2018-10-19,13.2,0
2018-10-20,17.2,0
2018-10-21,2.2,0
2018-10-22,13.4,0
2018-10-23,46.7,1
2018-10-24,14.1,0
2018-10-25,28.0,1
2018-10-26,49.6,1
2018-10-27,0.2,0
2018-10-28,25.1,1
2018-10-29,37.1,1
2018-10-30,10.3,0
2018-10-31,9.8,0
2018-11-01,40.3,1
2018-11-02,7.7,0
2018-11-03,39.7,1
2018-11-04,4.7,0
2018-11-05,2.4,0
2018-11-06,29.0,1
2018-11-07,32.4,1
2018-11-08,42.1,1
2018-11-09,34.5,1
2018-11-10,22.2,0
2018-11-11,26.5,1
2018-11-12,21.6,0
2018-11-13,21.0,0
2018-11-14,4.9,0
2018-11-15,21.9,0
2018-11-16,42.7,1
2018-11-17,25.5,1
2018-11-18,14.2,0
2018-11-19,1.5,0
2018-11-20,43.1,1
2018-11-21,41.2,1
2018-11-22,28.9,1
2018-11-23,46.5,1
2018-11-24,13.3,0
2018-11-25,23.0,0
2018-11-26,40.6,1
2018-11-27,2.7,0
2018-11-28,37.8,1
2018-11-29,16.8,0
2018-11-30,25.9,1
2018-12-01,1.8,0
2018-12-02,45.8,1
2018-12-03,38.8,1
2018-12-04,42.7,1
2018-12-05,29.7,1
2018-12-06,45.3,1
2018-12-07,33.1,1
2018-12-08,44.7,1
2018-12-09,15.7,0
2018-12-10,15.6,0
2018-12-11,47.8,1
2018-12-12,14.8,0
2018-12-13,0.6,0
2018-12-14,28.0,1
2018-12-15,0.1,0
2018-12-16,48.9,1
2018-12-17,0.0,0
2018-12-18,46.7,1
2018-12-19,48.0,1
2018-12-20,42.1,1
2018-12-21,46.6,1
2018-12-22,42.5,1
2018-12-23,27.3,1
2018-12-24,19.1,0
2018-12-25,30.5,1
2018-12-26,43.5,1
2018-12-27,39.9,1
2018-12-28,5.9,0
2018-12-29,2.9,0
2018-12-30,17.1,0
2018-12-31,7.4,0
2019-01-01,2.4,0
2019-01-02,19.5,0
2019-01-03,13.7,0
2019-01-04,44.1,1
2019-01-05,44.2,1
2019-01-06,10.9,0
2019-01-07,22.6,0
2019-01-08,8.3,0
2019-01-09,23.6,0
2019-01-10,42.0,1
2019-01-11,43.3,1
2019-01-12,27.8,1
2019-01-13,21.3,0
2019-01-14,48.0,1
2019-01-15,18.4,0
2019-01-16,2.8,0
2019-01-17,46.4,1
2019-01-18,33.7,1
2019-01-19,43.3,1
2019-01-20,26.1,1
2019-01-21,31.9,1
2019-01-22,38.6,1
2019-01-23,17.2,0
2019-01-24,20.8,0
2019-01-25,26.5,1
2019-01-26,35.1,1
2019-01-27,43.1,1
2019-01-28,31.0,1
2019-01-29,41.9,1
2019-01-30,38.6,1
2019-01-31,26.7,1
2019-02-01,46.8,1
2019-02-02,9.7,0
2019-02-03,19.6,0
2019-02-04,7.2,0
2019-02-05,1.6,0
2019-02-06,23.8,0
2019-02-07,47.8,1
2019-02-08,5.1,0
2019-02-09,3.5,0
2019-02-10,30.9,1
2019-02-11,10.7,0
2019-02-12,19.1,0
2019-02-13,20.0,0
2019-02-14,29.9,1
2019-02-15,19.6,0
2019-02-16,30.5,1
2019-02-17,41.1,1
2019-02-18,47.2,1
2019-02-19,13.9,0
2019-02-20,45.3,1
2019-02-21,48.2,1
2019-02-22,41.8,1
2019-02-23,33.6,1
2019-02-24,38.2,1
2019-02-25,19.1,0
2019-02-26,16.8,0
2019-02-27,32.5,1
2019-02-28,1.4,0
2019-03-01,31.7,1
2019-03-02,42.4,1
2019-03-03,34.8,1
2019-03-04,22.6,0
2019-03-05,25.1,1
2019-03-06,28.6,1
2019-03-07,30.5,1
2019-03-08,47.6,1
2019-03-09,43.7,1
2019-03-10,11.9,0
2019-03-11,38.3,1
2019-03-12,18.6,0
2019-03-13,37.6,1
2019-03-14,38.7,1
2019-03-15,31.8,1
2019-03-16,25.2,1
2019-03-17,20.5,0
2019-03-18,44.4,1
2019-03-19,45.7,1
2019-03-20,33.7,1
2019-03-21,7.0,0
2019-03-22,10.8,0
2019-03-23,47.5,1
2019-03-24,22.2,0
2019-03-25,40.4,1
2019-03-26,8.9,0
2019-03-27,33.7,1
2019-03-28,28.6,1
2019-03-29,29.7,1
2019-03-30,25.4,1
2019-03-31,34.4,1
2019-04-01,0.1,0
2019-04-02,48.1,1
2019-04-03,43.7,1
2019-04-04,6.3,0
2019-04-05,13.4,0
2019-04-06,4.0,0
2019-04-07,36.0,1
2019-04-08,1.4,0
2019-04-09,36.2,1
2019-04-10,39.2,1
2019-04-11,8.3,0
2019-04-12,25.0,0
2019-04-13,25.3,1
2019-04-14,14.5,0
2019-04-15,13.2,0
2019-04-16,12.1,0
2019-04-17,26.6,1
2019-04-18,4.9,0
2019-04-19,4.4,0
2019-04-20,14.5,0
2019-04-21,12.8,0
2019-04-22,14.3,0
2019-04-23,38.6,1
2019-04-24,1.7,0
2019-04-25,31.8,1
2019-04-26,10.2,0
2019-04-27,6.1,0
2019-04-28,6.6,0
2019-04-29,1.1,0
2019-04-30,44.2,1
2019-05-01,39.2,1
2019-05-02,34.9,1
2019-05-03,47.6,1
2019-05-04,25.5,1
2019-05-05,15.7,0
2019-05-06,17.5,0
2019-05-07,7.9,0
2019-05-08,38.6,1
2019-05-09,49.7,1
2019-05-10,10.0,0
2019-05-11,18.4,0
2019-05-12,33.5,1
2019-05-13,15.3,0
2019-05-14,27.6,1
2019-05-15,39.9,1
2019-05-16,6.7,0
2019-05-17,46.9,1
2019-05-18,36.8,1
2019-05-19,41.1,1
2019-05-20,14.6,0
2019-05-21,24.5,0
2019-05-22,40.1,1
2019-05-23,33.6,1
2019-05-24,34.8,1
2019-05-25,45.3,1
2019-05-26,37.3,1
2019-05-27,38.4,1
2019-05-28,33.5,1
2019-05-29,45.2,1
2019-05-30,43.6,1
2019-05-31,29.5,1
2019-06-01,22.3,0
2019-06-02,42.9,1
2019-06-03,23.3,0
2019-06-04,7.1,0
2019-06-05,10.6,0
2019-06-06,36.2,1
2019-06-07,21.3,0
2019-06-08,6.6,0
2019-06-09,36.1,1
2019-06-10,40.6,1
2019-06-11,7.3,0
2019-06-12,22.8,0
2019-06-13,35.4,1
2019-06-14,23.8,0
2019-06-15,22.3,0
2019-06-16,15.5,0
2019-06-17,40.1,1
2019-06-18,22.1,0
2019-06-19,12.0,0
2019-06-20,26.0,1
2019-06-21,23.1,0
2019-06-22,32.3,1
2019-06-23,46.6,1
2019-06-24,29.7,1
2019-06-25,33.0,1
2019-06-26,5.4,0
2019-06-27,13.4,0
2019-06-28,10.0,0
2019-06-29,34.9,1
2019-06-30,27.5,1
2019-07-01,9.3,0
2019-07-02,28.0,1
2019-07-03,19.1,0
2019-07-04,17.7,0
2019-07-05,47.1,1
2019-07-06,16.4,0
2019-07-07,12.3,0
2019-07-08,33.5,1
2019-07-09,5.0,0
2019-07-10,33.5,1
2019-07-11,32.5,1
2019-07-12,41.5,1
2019-07-13,33.8,1
2019-07-14,12.2,0
2019-07-15,34.1,1
2019-07-16,0.4,0
2019-07-17,5.5,0
2019-07-18,38.5,1
2019-07-19,10.3,0
2019-07-20,5.6,0
2019-07-21,36.0,1
2019-07-22,33.6,1
2019-07-23,46.2,1
2019-07-24,31.5,1
2019-07-25,1.9,0
2019-07-26,17.2,0
2019-07-27,33.9,1
2019-07-28,14.2,0
2019-07-29,8.6,0
2019-07-30,17.2,0
2019-07-31,14.9,0
2019-08-01,22.7,0
2019-08-02,35.7,1
2019-08-03,12.4,0
2019-08-04,35.4,1
2019-08-05,38.1,1
2019-08-06,10.2,0
2019-08-07,20.1,0
2019-08-08,26.1,1
2019-08-09,9.5,0
2019-08-10,1.8,0
2019-08-11,14.3,0
2019-08-12,44.0,1
2019-08-13,24.1,0
2019-08-14,5.9,0
2019-08-15,37.5,1
2019-08-16,45.5,1
2019-08-17,34.5,1
2019-08-18,3.7,0
2019-08-19,23.4,0
2019-08-20,46.7,1
2019-08-21,20.8,0
2019-08-22,46.0,1
2019-08-23,42.0,1
2019-08-24,26.8,1
2019-08-25,10.6,0
2019-08-26,2.4,0
2019-08-27,12.8,0
2019-08-28,15.0,0
2019-08-29,28.5,1
2019-08-30,38.3,1
2019-08-31,17.4,0
2019-09-01,47.3,1
2019-09-02,21.0,0
2019-09-03,15.3,0
2019-09-04,4.2,0
2019-09-05,2.3,0
2019-09-06,36.1,1
2019-09-07,40.1,1
2019-09-08,43.5,1
2019-09-09,0.9,0
2019-09-10,43.1,1
2019-09-11,37.8,1
2019-09-12,20.8,0
2019-09-13,35.4,1
2019-09-14,6.7,0
2019-09-15,7.2,0
2019-09-16,43.3,1
2019-09-17,44.6,1
2019-09-18,11.7,0
2019-09-19,39.0,1
2019-09-20,2.3,0
2019-09-21,24.9,0
2019-09-22,44.2,1
2019-09-23,21.4,0
2019-09-24,26.9,1
2019-09-25,32.8,1
2019-09-26,15.6,0
2019-09-27,21.4,0
2019-09-28,45.0,1
2019-09-29,20.1,0
2019-09-30,17.5,0
2019-10-01,30.9,1
2019-10-02,33.0,1
2019-10-03,38.3,1
2019-10-04,37.9,1
2019-10-05,23.9,0
2019-10-06,33.1,1
2019-10-07,48.6,1
2019-10-08,43.4,1
2019-10-09,17.8,0
2019-10-10,13.2,0
2019-10-11,1.2,0
2019-10-12,47.7,1
2019-10-13,45.4,1
2019-10-14,2.8,0
2019-10-15,17.8,0
2019-10-16,44.6,1
2019-10-17,41.7,1
2019-10-18,43.5,1
2019-10-19,11.9,0
2019-10-20,30.9,1
2019-10-21,13.2,0
2019-10-22,25.6,1
2019-10-23,7.6,0
2019-10-24,36.7,1
2019-10-25,43.1,1
2019-10-26,15.4,0
2019-10-27,5.3,0
2019-10-28,42.2,1
2019-10-29,11.4,0
2019-10-30,31.2,1
2019-10-31,28.3,1
2019-11-01,35.4,1
2019-11-02,8.1,0
2019-11-03,43.9,1
2019-11-04,45.9,1
2019-11-05,11.2,0
2019-11-06,44.2,1
2019-11-07,3.0,0
2019-11-08,22.0,0
2019-11-09,10.1,0
2019-11-10,49.3,1
2019-11-11,9.4,0
2019-11-12,9.6,0
2019-11-13,42.4,1
2019-11-14,31.0,1
2019-11-15,13.9,0
2019-11-16,25.8,1
2019-11-17,30.2,1
2019-11-18,42.3,1
2019-11-19,44.6,1
2019-11-20,28.1,1
2019-11-21,38.7,1
2019-11-22,20.3,0
2019-11-23,31.8,1
2019-11-24,28.7,1
2019-11-25,48.6,1
2019-11-26,19.2,0
2019-11-27,13.6,0
2019-11-28,20.5,0
2019-11-29,12.3,0
2019-11-30,32.9,1
2019-12-01,39.6,1
2019-12-02,25.4,1
2019-12-03,21.7,0
2019-12-04,2.1,0
2019-12-05,21.0,0
2019-12-06,16.8,0
2019-12-07,40.9,1
2019-12-08,3.3,0
2019-12-09,1.8,0
2019-12-10,14.1,0
2019-12-11,30.1,1
2019-12-12,16.0,0
2019-12-13,17.7,0
2019-12-14,32.6,1
2019-12-15,6.3,0
2019-12-16,7.2,0
2019-12-17,13.5,0
2019-12-18,38.0,1
2019-12-19,32.3,1
2019-12-20,13.4,0
2019-12-21,35.9,1
2019-12-22,7.6,0
2019-12-23,16.8,0
2019-12-24,39.7,1
2019-12-25,44.0,1
2019-12-26,19.3,0
2019-12-27,47.9,1
2019-12-28,48.1,1
2019-12-29,49.1,1
2019-12-30,43.8,1
2019-12-31,8.2,0
2020-01-01,20.7,0
2020-01-02,31.0,1
2020-01-03,8.9,0
2020-01-04,9.7,0
2020-01-05,16.9,0
2020-01-06,38.6,1
2020-01-07,43.6,1
2020-01-08,39.3,1
2020-01-09,12.5,0
2020-01-10,33.8,1
2020-01-11,17.8,0
2020-01-12,39.0,1
2020-01-13,7.3,0
2020-01-14,30.2,1
2020-01-15,49.5,1
2020-01-16,41.3,1
2020-01-17,7.5,0
2020-01-18,6.9,0
2020-01-19,12.6,0
2020-01-20,44.2,1
2020-01-21,15.5,0
2020-01-22,3.3,0
2020-01-23,15.7,0
2020-01-24,21.1,0
2020-01-25,46.0,1
2020-01-26,10.9,0
2020-01-27,30.1,1
2020-01-28,35.2,1
2020-01-29,43.3,1
2020-01-30,18.4,0
2020-01-31,5.9,0
2020-02-01,14.0,0
2020-02-02,39.7,1
2020-02-03,3.1,0
2020-02-04,14.0,0
2020-02-05,48.5,1
2020-02-06,11.9,0
2020-02-07,0.3,0
2020-02-08,21.5,0
2020-02-09,0.3,0
2020-02-10,16.5,0
2020-02-11,39.4,1
2020-02-12,38.8,1
2020-02-13,8.6,0
2020-02-14,44.9,1
2020-02-15,34.5,1
2020-02-16,35.2,1
2020-02-17,21.3,0
2020-02-18,16.8,0
2020-02-19,8.5,0
2020-02-20,26.5,1
2020-02-21,25.1,1
2020-02-22,34.7,1
2020-02-23,10.4,0
2020-02-24,38.5,1
2020-02-25,25.8,1
2020-02-26,15.1,0
2020-02-27,36.1,1
2020-02-28,40.6,1
2020-02-29,41.3,1
2020-03-01,27.2,1
2020-03-02,34.3,1
2020-03-03,37.1,1
2020-03-04,37.1,1
2020-03-05,2.6,0
2020-03-06,36.4,1
2020-03-07,0.2,0
2020-03-08,47.0,1
2020-03-09,36.7,1
2020-03-10,42.7,1
2020-03-11,16.8,0
2020-03-12,20.4,0
2020-03-13,37.4,1
2020-03-14,0.6,0
2020-03-15,8.8,0
2020-03-16,40.7,1
2020-03-17,26.6,1
2020-03-18,4.6,0
2020-03-19,23.2,0
2020-03-20,4.7,0
2020-03-21,44.1,1
2020-03-22,48.6,1
2020-03-23,44.7,1
2020-03-24,36.0,1
2020-03-25,13.2,0
2020-03-26,18.5,0
2020-03-27,31.9,1
2020-03-28,3.5,0
2020-03-29,11.8,0
2020-03-30,48.3,1
2020-03-31,45.3,1
2020-04-01,31.9,1
2020-04-02,8.9,0
2020-04-03,11.1,0
2020-04-04,46.8,1
2020-04-05,47.3,1
2020-04-06,35.7,1
2020-04-07,36.6,1
2020-04-08,41.7,1
2020-04-09,5.0,0
2020-04-10,7.1,0
2020-04-11,14.8,0
2020-04-12,9.9,0
2020-04-13,1.4,0
2020-04-14,22.5,0
2020-04-15,18.2,0
2020-04-16,32.8,1
2020-04-17,18.1,0
2020-04-18,37.0,1
2020-04-19,32.1,1
2020-04-20,40.7,1
2020-04-21,25.7,1
2020-04-22,14.1,0
2020-04-23,47.5,1
2020-04-24,8.9,0
2020-04-25,21.1,0
2020-04-26,30.7,1
2020-04-27,8.1,0
2020-04-28,41.2,1
2020-04-29,41.8,1
2020-04-30,45.6,1
2020-05-01,41.2,1
2020-05-02,23.1,0
2020-05-03,9.0,0
2020-05-04,30.4,1
2020-05-05,13.6,0
2020-05-06,5.9,0
2020-05-07,18.3,0
2020-05-08,8.4,0
2020-05-09,4.8,0
2020-05-10,25.5,1
2020-05-11,7.0,0
2020-05-12,33.9,1
2020-05-13,18.1,0
2020-05-14,24.8,0
2020-05-15,38.5,1
2020-05-16,26.5,1
2020-05-17,22.4,0
2020-05-18,44.9,1
2020-05-19,12.2,0
2020-05-20,0.1,0
2020-05-21,12.3,0
2020-05-22,23.5,0
2020-05-23,13.5,0
2020-05-24,1.4,0
2020-05-25,34.3,1
2020-05-26,10.3,0
2020-05-27,2.9,0
2020-05-28,36.0,1
2020-05-29,43.6,1
2020-05-30,15.2,0
2020-05-31,5.9,0
2020-06-01,3.2,0
2020-06-02,3.2,0
2020-06-03,6.5,0
2020-06-04,18.7,0
2020-06-05,1.2,0
2020-06-06,46.2,1
2020-06-07,39.7,1
2020-06-08,25.8,1
2020-06-09,46.9,1
2020-06-10,38.4,1
2020-06-11,43.3,1
2020-06-12,19.7,0
2020-06-13,8.3,0
2020-06-14,27.6,1
2020-06-15,44.6,1
2020-06-16,2.6,0
2020-06-17,48.8,1
2020-06-18,13.1,0
2020-06-19,39.4,1
2020-06-20,45.0,1
2020-06-21,15.8,0
2020-06-22,47.6,1
2020-06-23,42.7,1
2020-06-24,24.5,0
2020-06-25,0.8,0
2020-06-26,41.4,1
2020-06-27,47.9,1
2020-06-28,5.2,0
2020-06-29,2.2,0
2020-06-30,9.8,0
2020-07-01,35.2,1
2020-07-02,12.9,0
2020-07-03,39.5,1
2020-07-04,14.4,0
2020-07-05,23.0,0
2020-07-06,36.8,1
2020-07-07,7.3,0
2020-07-08,30.2,1
2020-07-09,17.6,0
2020-07-10,7.2,0
2020-07-11,34.8,1
2020-07-12,36.2,1
2020-07-13,43.2,1
2020-07-14,14.7,0
2020-07-15,1.3,0
2020-07-16,17.3,0
2020-07-17,17.7,0
2020-07-18,49.7,1
2020-07-19,1.2,0
2020-07-20,40.7,1
2020-07-21,15.5,0
2020-07-22,20.0,0
2020-07-23,35.4,1
2020-07-24,38.3,1
2020-07-25,6.4,0
2020-07-26,46.6,1
2020-07-27,2.3,0
2020-07-28,22.6,0
2020-07-29,0.6,0
2020-07-30,38.5,1
2020-07-31,34.7,1
2020-08-01,2.6,0
2020-08-02,34.5,1
2020-08-03,31.2,1
2020-08-04,9.6,0
2020-08-05,23.7,0
2020-08-06,30.4,1
2020-08-07,32.9,1
2020-08-08,34.8,1
2020-08-09,35.1,1
2020-08-10,24.4,0
2020-08-11,45.9,1
2020-08-12,34.7,1
2020-08-13,13.5,0
2020-08-14,21.4,0
2020-08-15,40.7,1
2020-08-16,28.8,1
2020-08-17,31.8,1
2020-08-18,22.3,0
2020-08-19,47.6,1
2020-08-20,7.0,0
2020-08-21,16.2,0
2020-08-22,42.3,1
2020-08-23,32.9,1
2020-08-24,2.4,0
2020-08-25,17.2,0
2020-08-26,0.4,0
2020-08-27,40.2,1
2020-08-28,49.4,1
2020-08-29,15.8,0
2020-08-30,3.1,0
2020-08-31,37.0,1
2020-09-01,2.1,0
2020-09-02,34.0,1
2020-09-03,6.1,0
2020-09-04,20.1,0
2020-09-05,28.8,1
2020-09-06,18.9,0
2020-09-07,23.5,0
2020-09-08,5.1,0
2020-09-09,41.3,1
2020-09-10,15.8,0
2020-09-11,22.7,0
2020-09-12,19.9,0
2020-09-13,32.1,1
2020-09-14,3.9,0
2020-09-15,28.3,1
2020-09-16,45.2,1
2020-09-17,49.2,1
2020-09-18,24.7,0
2020-09-19,41.9,1
2020-09-20,29.8,1
2020-09-21,1.4,0
2020-09-22,12.5,0
2020-09-23,17.5,0
2020-09-24,12.8,0
2020-09-25,19.0,0
2020-09-26,41.1,1
2020-09-27,2.3,0
2020-09-28,27.0,1
2020-09-29,25.6,1
2020-09-30,13.0,0
2020-10-01,18.5,0
2020-10-02,44.1,1
2020-10-03,42.5,1
2020-10-04,0.4,0
2020-10-05,1.6,0
2020-10-06,12.3,0
2020-10-07,31.9,1
2020-10-08,7.1,0
2020-10-09,45.0,1
2020-10-10,50.0,1
2020-10-11,47.5,1
2020-10-12,42.6,1
2020-10-13,48.3,1
2020-10-14,28.7,1
2020-10-15,30.5,1
2020-10-16,20.7,0
2020-10-17,41.2,1
2020-10-18,32.1,1
2020-10-19,42.4,1
2020-10-20,24.3,0
2020-10-21,41.4,1
2020-10-22,34.3,1
2020-10-23,49.0,1
2020-10-24,23.5,0
2020-10-25,32.4,1
2020-10-26,11.9,0
2020-10-27,11.0,0
2020-10-28,22.3,0
2020-10-29,40.7,1
2020-10-30,48.8,1
2020-10-31,31.6,1
2020-11-01,24.5,0
2020-11-02,16.6,0
2020-11-03,1.1,0
2020-11-04,11.9,0
2020-11-05,7.0,0
2020-11-06,49.9,1
2020-11-07,5.9,0
2020-11-08,16.6,0
2020-11-09,32.0,1
2020-11-10,5.9,0
2020-11-11,44.6,1
2020-11-12,49.2,1
2020-11-13,22.1,0
2020-11-14,23.3,0
2020-11-15,14.7,0
2020-11-16,17.4,0
2020-11-17,14.0,0
2020-11-18,31.8,1
2020-11-19,36.2,1
2020-11-20,42.3,1
2020-11-21,5.9,0
2020-11-22,4.5,0
2020-11-23,14.3,0
2020-11-24,47.9,1
2020-11-25,25.5,1
2020-11-26,33.4,1
2020-11-27,1.7,0
2020-11-28,50.0,1
2020-11-29,7.7,0
2020-11-30,4.7,0
2020-12-01,17.3,0
2020-12-02,23.6,0
2020-12-03,6.0,0
2020-12-04,12.4,0
2020-12-05,44.5,1
2020-12-06,8.7,0
2020-12-07,10.3,0
2020-12-08,44.9,1
2020-12-09,21.3,0
2020-12-10,40.3,1
2020-12-11,37.0,1
2020-12-12,22.3,0
2020-12-13,14.7,0
2020-12-14,14.2,0
2020-12-15,47.1,1
2020-12-16,14.4,0
2020-12-17,36.7,1
2020-12-18,7.0,0
2020-12-19,45.4,1
2020-12-20,38.2,1
2020-12-21,18.5,0
2020-12-22,37.6,1
2020-12-23,17.0,0
2020-12-24,12.4,0
2020-12-25,27.8,1
2020-12-26,23.4,0
2020-12-27,16.5,0
2020-12-28,31.4,1
2020-12-29,41.1,1
2020-12-30,18.4,0
2020-12-31,7.5,0
2021-01-01,28.5,1
2021-01-02,1.8,0
2021-01-03,12.3,0
2021-01-04,13.4,0
2021-01-05,28.1,1
2021-01-06,41.6,1
2021-01-07,40.3,1
2021-01-08,4.5,0
2021-01-09,22.4,0
2021-01-10,4.5,0
2021-01-11,36.2,1
2021-01-12,9.6,0
2021-01-13,10.0,0
2021-01-14,7.5,0
2021-01-15,32.2,1
2021-01-16,14.1,0
2021-01-17,31.3,1
2021-01-18,34.3,1
2021-01-19,36.1,1
2021-01-20,49.5,1
2021-01-21,39.1,1
2021-01-22,16.6,0
2021-01-23,30.8,1
2021-01-24,16.1,0
2021-01-25,23.1,0
2021-01-26,48.0,1
2021-01-27,20.6,0
2021-01-28,38.8,1
2021-01-29,42.7,1
2021-01-30,41.4,1
2021-01-31,27.8,1
2021-02-01,47.1,1
2021-02-02,30.2,1
2021-02-03,34.8,1
2021-02-04,43.6,1
2021-02-05,16.0,0
2021-02-06,23.6,0
2021-02-07,37.6,1
2021-02-08,36.7,1
2021-02-09,40.7,1
2021-02-10,9.5,0
2021-02-11,1.2,0
2021-02-12,19.2,0
2021-02-13,35.9,1
2021-02-14,19.0,0
2021-02-15,23.5,0
2021-02-16,19.7,0
2021-02-17,17.0,0
2021-02-18,31.1,1
2021-02-19,38.7,1
2021-02-20,23.2,0
2021-02-21,30.0,1
2021-02-22,22.0,0
2021-02-23,6.5,0
2021-02-24,26.7,1
2021-02-25,42.5,1
2021-02-26,38.4,1
2021-02-27,30.7,1
2021-02-28,41.4,1
2021-03-01,11.7,0
2021-03-02,14.2,0
2021-03-03,17.0,0
2021-03-04,18.5,0
2021-03-05,47.4,1
2021-03-06,3.0,0
2021-03-07,22.4,0
2021-03-08,9.6,0
2021-03-09,1.5,0
2021-03-10,34.1,1
2021-03-11,0.2,0
2021-03-12,32.9,1
2021-03-13,26.2,1
2021-03-14,20.5,0
2021-03-15,6.5,0
2021-03-16,20.8,0
2021-03-17,48.5,1
2021-03-18,16.9,0
2021-03-19,31.7,1
2021-03-20,37.1,1
2021-03-21,30.1,1
2021-03-22,23.6,0
2021-03-23,12.7,0
2021-03-24,8.2,0
2021-03-25,5.9,0
2021-03-26,29.4,1
2021-03-27,6.7,0
2021-03-28,40.3,1
2021-03-29,4.3,0
2021-03-30,21.4,0
2021-03-31,39.4,1
2021-04-01,27.5,1
2021-04-02,7.0,0
2021-04-03,49.1,1
2021-04-04,30.7,1
2021-04-05,3.0,0
2021-04-06,2.7,0
2021-04-07,41.9,1
2021-04-08,14.4,0
2021-04-09,26.6,1
2021-04-10,14.5,0
2021-04-11,36.6,1
2021-04-12,29.1,1
2021-04-13,13.8,0
2021-04-14,18.2,0
2021-04-15,22.0,0
2021-04-16,9.8,0
2021-04-17,41.0,1
2021-04-18,40.3,1
2021-04-19,9.6,0
2021-04-20,25.8,1
2021-04-21,20.1,0
2021-04-22,30.4,1
2021-04-23,31.4,1
2021-04-24,20.4,0
2021-04-25,32.0,1
2021-04-26,42.1,1
2021-04-27,27.4,1
2021-04-28,14.6,0
2021-04-29,6.6,0
2021-04-30,2.7,0
2021-05-01,0.8,0
2021-05-02,29.5,1
2021-05-03,6.8,0
2021-05-04,1.9,0
2021-05-05,49.2,1
2021-05-06,27.9,1
2021-05-07,48.6,1
2021-05-08,17.4,0
2021-05-09,36.4,1
2021-05-10,1.5,0
2021-05-11,29.7,1
2021-05-12,41.6,1
2021-05-13,42.8,1
2021-05-14,35.9,1
2021-05-15,30.6,1
2021-05-16,39.0,1
2021-05-17,49.6,1
2021-05-18,16.8,0
2021-05-19,1.2,0
2021-05-20,20.6,0
2021-05-21,4.8,0
2021-05-22,24.4,0
2021-05-23,34.8,1
2021-05-24,32.1,1
2021-05-25,46.9,1
2021-05-26,36.6,1
2021-05-27,46.8,1
2021-05-28,47.7,1
2021-05-29,15.4,0
2021-05-30,16.4,0
2021-05-31,44.7,1
2021-06-01,29.1,1
2021-06-02,34.2,1
2021-06-03,4.5,0
2021-06-04,11.9,0
2021-06-05,44.9,1
2021-06-06,48.6,1
2021-06-07,48.4,1
2021-06-08,20.3,0
2021-06-09,36.6,1
2021-06-10,8.5,0
2021-06-11,7.8,0
2021-06-12,36.3,1
2021-06-13,12.8,0
2021-06-14,10.6,0
2021-06-15,20.9,0
2021-06-16,29.0,1
2021-06-17,47.4,1
2021-06-18,16.2,0
2021-06-19,44.9,1
2021-06-20,0.1,0
2021-06-21,46.6,1
2021-06-22,4.8,0
2021-06-23,40.1,1
2021-06-24,49.1,1
2021-06-25,42.5,1
2021-06-26,16.3,0
2021-06-27,47.9,1
2021-06-28,49.6,1
2021-06-29,20.6,0
2021-06-30,17.1,0
2021-07-01,13.2,0
2021-07-02,39.3,1
2021-07-03,5.3,0
2021-07-04,37.1,1
2021-07-05,20.5,0
2021-07-06,19.3,0
2021-07-07,49.6,1
2021-07-08,16.0,0
2021-07-09,1.1,0
2021-07-10,38.5,1
2021-07-11,42.8,1
2021-07-12,41.8,1
2021-07-13,24.9,0
2021-07-14,6.4,0
2021-07-15,26.2,1
2021-07-16,29.9,1
2021-07-17,34.9,1
2021-07-18,22.2,0
2021-07-19,31.2,1
2021-07-20,3.5,0
2021-07-21,23.1,0
2021-07-22,11.3,0
2021-07-23,27.8,1
2021-07-24,37.7,1
2021-07-25,3.1,0
2021-07-26,32.5,1
2021-07-27,28.2,1
2021-07-28,0.4,0
2021-07-29,1.0,0
2021-07-30,24.1,0
2021-07-31,9.2,0
2021-08-01,37.4,1
2021-08-02,33.0,1
2021-08-03,29.2,1
2021-08-04,8.4,0
2021-08-05,44.6,1
2021-08-06,31.1,1
2021-08-07,32.9,1
2021-08-08,7.5,0
2021-08-09,31.9,1
2021-08-10,47.1,1
2021-08-11,2.2,0
2021-08-12,15.4,0
2021-08-13,4.2,0
2021-08-14,13.1,0
2021-08-15,2.6,0
2021-08-16,48.5,1
2021-08-17,14.7,0
2021-08-18,18.6,0
2021-08-19,48.9,1
2021-08-20,34.9,1
2021-08-21,7.6,0
2021-08-22,4.8,0
2021-08-23,33.1,1
2021-08-24,10.5,0
2021-08-25,46.4,1
2021-08-26,24.7,0
2021-08-27,46.2,1
2021-08-28,8.7,0
2021-08-29,2.1,0
2021-08-30,41.1,1
2021-08-31,26.3,1
2021-09-01,5.9,0
2021-09-02,13.7,0
2021-09-03,8.2,0
2021-09-04,36.2,1
2021-09-05,30.3,1
2021-09-06,27.0,1
2021-09-07,34.3,1
2021-09-08,15.6,0
2021-09-09,0.5,0
2021-09-10,11.9,0
2021-09-11,9.2,0
2021-09-12,43.7,1
2021-09-13,37.4,1
2021-09-14,21.4,0
2021-09-15,23.3,0
2021-09-16,21.5,0
2021-09-17,30.9,1
2021-09-18,39.9,1
2021-09-19,30.5,1
2021-09-20,8.3,0
2021-09-21,42.8,1
2021-09-22,2.6,0
2021-09-23,22.6,0
2021-09-24,24.4,0
2021-09-25,23.4,0
2021-09-26,25.1,1
2021-09-27,40.8,1
2021-09-28,44.9,1
2021-09-29,8.3,0
2021-09-30,1.5,0
2021-10-01,48.2,1
2021-10-02,35.0,1
2021-10-03,10.7,0
2021-10-04,6.6,0
2021-10-05,5.7,0
2021-10-06,14.1,0
2021-10-07,7.7,0
2021-10-08,4.6,0
2021-10-09,9.4,0
2021-10-10,28.9,1
2021-10-11,37.9,1
2021-10-12,22.2,0
2021-10-13,43.2,1
2021-10-14,31.2,1
2021-10-15,24.3,0
2021-10-16,42.2,1
2021-10-17,20.9,0
2021-10-18,26.5,1
2021-10-19,0.3,0
2021-10-20,48.0,1
2021-10-21,6.8,0
2021-10-22,28.0,1
2021-10-23,39.3,1
2021-10-24,15.5,0
2021-10-25,11.9,0
2021-10-26,13.3,0
2021-10-27,45.7,1
2021-10-28,21.9,0
2021-10-29,21.0,0
2021-10-30,41.3,1
2021-10-31,41.2,1
2021-11-01,41.3,1
2021-11-02,39.9,1
2021-11-03,21.8,0
2021-11-04,31.7,1
2021-11-05,31.3,1
2021-11-06,49.1,1
2021-11-07,30.4,1
2021-11-08,32.7,1
2021-11-09,49.9,1
2021-11-10,13.5,0
2021-11-11,27.4,1
2021-11-12,16.4,0
2021-11-13,28.3,1
2021-11-14,19.2,0
2021-11-15,37.8,1
2021-11-16,37.8,1
2021-11-17,46.5,1
2021-11-18,28.6,1
2021-11-19,23.1,0
2021-11-20,39.6,1
2021-11-21,28.5,1
2021-11-22,23.2,0
2021-11-23,39.9,1
2021-11-24,46.4,1
2021-11-25,3.4,0
2021-11-26,47.3,1
2021-11-27,2.9,0
2021-11-28,20.7,0
2021-11-29,21.6,0
2021-11-30,40.1,1
2021-12-01,9.7,0
2021-12-02,47.9,1
2021-12-03,7.5,0
2021-12-04,45.0,1
2021-12-05,37.0,1
2021-12-06,6.6,0
2021-12-07,39.5,1
2021-12-08,32.5,1
2021-12-09,29.4,1
2021-12-10,23.4,0
2021-12-11,1.3,0
2021-12-12,41.3,1
2021-12-13,15.4,0
2021-12-14,4.3,0
2021-12-15,9.2,0
2021-12-16,5.0,0
2021-12-17,5.7,0
2021-12-18,45.4,1
2021-12-19,34.3,1
2021-12-20,43.8,1
2021-12-21,14.3,0
2021-12-22,34.0,1
2021-12-23,17.7,0
2021-12-24,49.0,1
2021-12-25,22.5,0
2021-12-26,20.0,0
2021-12-27,7.2,0
2021-12-28,29.0,1
2021-12-29,19.5,0
2021-12-30,36.5,1
2021-12-31,38.8,1
2022-01-01,10.5,0
2022-01-02,11.9,0
2022-01-03,6.0,0
2022-01-04,46.3,1
2022-01-05,21.6,0
2022-01-06,16.8,0
2022-01-07,28.9,1
2022-01-08,28.4,1
2022-01-09,20.4,0
2022-01-10,27.7,1
2022-01-11,32.7,1
2022-01-12,23.6,0
2022-01-13,43.7,1
2022-01-14,6.6,0
2022-01-15,11.5,0
2022-01-16,27.4,1
2022-01-17,20.4,0
2022-01-18,43.3,1
2022-01-19,1.9,0
2022-01-20,48.0,1
2022-01-21,41.8,1
2022-01-22,34.4,1
2022-01-23,18.6,0
2022-01-24,35.6,1
2022-01-25,48.6,1
2022-01-26,43.6,1
2022-01-27,9.7,0
2022-01-28,42.4,1
2022-01-29,7.1,0
2022-01-30,8.1,0
2022-01-31,9.3,0
2022-02-01,15.3,0
2022-02-02,9.6,0
2022-02-03,43.5,1
2022-02-04,9.6,0
2022-02-05,39.5,1
2022-02-06,22.4,0
2022-02-07,9.4,0
2022-02-08,6.1,0
2022-02-09,16.9,0
2022-02-10,36.7,1
2022-02-11,25.1,1
2022-02-12,20.8,0
2022-02-13,47.3,1
2022-02-14,17.1,0
2022-02-15,49.6,1
2022-02-16,48.3,1
2022-02-17,26.8,1
2022-02-18,41.5,1
2022-02-19,29.7,1
2022-02-20,30.4,1
2022-02-21,25.6,1
2022-02-22,4.4,0
2022-02-23,36.1,1
2022-02-24,38.7,1
2022-02-25,20.3,0
2022-02-26,30.5,1
2022-02-27,6.6,0
2022-02-28,14.8,0
2022-03-01,34.5,1
2022-03-02,47.9,1
2022-03-03,7.6,0
2022-03-04,17.0,0
2022-03-05,42.4,1
2022-03-06,35.6,1
2022-03-07,33.0,1
2022-03-08,37.9,1
2022-03-09,37.6,1
2022-03-10,22.6,0
2022-03-11,26.5,1
2022-03-12,8.4,0
2022-03-13,21.1,0
2022-03-14,10.7,0
2022-03-15,7.1,0
2022-03-16,42.8,1
2022-03-17,20.0,0
2022-03-18,10.9,0
2022-03-19,35.4,1
2022-03-20,25.5,1
2022-03-21,0.6,0
2022-03-22,34.8,1
2022-03-23,49.1,1
2022-03-24,23.1,0
2022-03-25,32.3,1
2022-03-26,0.6,0
2022-03-27,39.2,1
2022-03-28,3.7,0
2022-03-29,30.6,1
2022-03-30,31.1,1
2022-03-31,38.2,1
2022-04-01,42.4,1
2022-04-02,20.6,0
2022-04-03,23.5,0
2022-04-04,31.6,1
2022-04-05,49.9,1
2022-04-06,4.1,0
2022-04-07,38.5,1
2022-04-08,18.4,0
2022-04-09,37.5,1
2022-04-10,24.0,0
2022-04-11,44.6,1
2022-04-12,14.2,0
2022-04-13,47.9,1
2022-04-14,1.0,0
2022-04-15,42.9,1
2022-04-16,2.8,0
2022-04-17,8.6,0
2022-04-18,19.1,0
2022-04-19,26.3,1
2022-04-20,44.8,1
2022-04-21,36.0,1
2022-04-22,3.2,0
2022-04-23,7.1,0
2022-04-24,24.7,0
2022-04-25,3.0,0
2022-04-26,36.0,1
2022-04-27,39.0,1
2022-04-28,13.3,0
2022-04-29,41.3,1
2022-04-30,44.3,1
2022-05-01,43.2,1
2022-05-02,16.7,0
2022-05-03,26.0,1
2022-05-04,5.6,0
2022-05-05,39.2,1
2022-05-06,25.4,1
2022-05-07,15.0,0
2022-05-08,0.4,0
2022-05-09,2.0,0
2022-05-10,42.1,1
2022-05-11,3.6,0
2022-05-12,48.2,1
2022-05-13,16.1,0
2022-05-14,7.2,0
2022-05-15,45.3,1
2022-05-16,15.6,0
2022-05-17,25.9,1
2022-05-18,8.4,0
2022-05-19,24.2,0
2022-05-20,4.7,0
2022-05-21,32.2,1
2022-05-22,48.9,1
2022-05-23,23.8,0
2022-05-24,33.7,1
2022-05-25,18.0,0
2022-05-26,24.0,0
2022-05-27,21.7,0
2022-05-28,27.7,1
2022-05-29,31.3,1
2022-05-30,16.7,0
2022-05-31,26.1,1
2022-06-01,32.1,1
2022-06-02,47.8,1
2022-06-03,42.1,1
2022-06-04,48.7,1
2022-06-05,11.6,0
2022-06-06,30.5,1
2022-06-07,44.5,1
2022-06-08,1.0,0
2022-06-09,44.5,1
2022-06-10,7.6,0
2022-06-11,26.6,1
2022-06-12,27.7,1
2022-06-13,19.2,0
2022-06-14,29.2,1
2022-06-15,9.9,0
2022-06-16,43.4,1
2022-06-17,33.0,1
2022-06-18,6.1,0
2022-06-19,24.6,0
2022-06-20,11.3,0
2022-06-21,19.0,0
2022-06-22,30.9,1
2022-06-23,24.8,0
2022-06-24,30.9,1
2022-06-25,8.4,0
2022-06-26,41.1,1
2022-06-27,7.5,0
2022-06-28,3.7,0
2022-06-29,30.6,1
2022-06-30,48.3,1
2022-07-01,0.9,0
2022-07-02,25.5,1
2022-07-03,13.8,0
2022-07-04,44.4,1
2022-07-05,35.5,1
2022-07-06,9.8,0
2022-07-07,17.5,0
2022-07-08,34.2,1
2022-07-09,12.0,0
2022-07-10,42.4,1
2022-07-11,16.4,0
2022-07-12,0.2,0
2022-07-13,47.2,1
2022-07-14,3.9,0
2022-07-15,47.0,1
2022-07-16,32.0,1
2022-07-17,16.0,0
2022-07-18,48.0,1
2022-07-19,8.0,0
2022-07-20,36.4,1
2022-07-21,1.2,0
2022-07-22,43.8,1
2022-07-23,10.4,0
2022-07-24,36.5,1
2022-07-25,5.8,0
2022-07-26,1.0,0
2022-07-27,37.3,1
2022-07-28,39.4,1
2022-07-29,29.8,1
2022-07-30,18.0,0
2022-07-31,15.7,0
2022-08-01,49.9,1
2022-08-02,30.8,1
2022-08-03,13.5,0
2022-08-04,49.7,1
2022-08-05,12.5,0
2022-08-06,31.1,1
2022-08-07,49.6,1
2022-08-08,42.0,1
2022-08-09,34.7,1
2022-08-10,43.6,1
2022-08-11,23.9,0
2022-08-12,1.9,0
2022-08-13,6.0,0
2022-08-14,17.5,0
2022-08-15,22.6,0
2022-08-16,36.6,1
2022-08-17,37.7,1
2022-08-18,45.6,1
2022-08-19,25.6,1
2022-08-20,25.9,1
2022-08-21,45.2,1
2022-08-22,26.8,1
2022-08-23,41.2,1
2022-08-24,26.9,1
2022-08-25,28.5,1
2022-08-26,4.5,0
2022-08-27,6.1,0
2022-08-28,28.8,1
2022-08-29,19.0,0
2022-08-30,40.5,1
2022-08-31,44.9,1
2022-09-01,10.9,0
2022-09-02,20.5,0
2022-09-03,36.0,1
2022-09-04,27.2,1
2022-09-05,34.5,1
2022-09-06,0.9,0
2022-09-07,36.0,1
2022-09-08,38.1,1
2022-09-09,19.0,0
2022-09-10,35.2,1
2022-09-11,17.6,0
2022-09-12,16.3,0
2022-09-13,48.1,1
2022-09-14,8.7,0
2022-09-15,0.2,0
2022-09-16,22.5,0
2022-09-17,10.0,0
2022-09-18,15.5,0
2022-09-19,8.6,0
2022-09-20,26.9,1
2022-09-21,12.5,0
2022-09-22,29.4,1
2022-09-23,6.4,0
2022-09-24,47.9,1
2022-09-25,41.5,1
2022-09-26,13.8,0
2022-09-27,32.5,1
2022-09-28,15.3,0
2022-09-29,6.6,0
2022-09-30,13.4,0
2022-10-01,26.9,1
2022-10-02,34.6,1
2022-10-03,18.4,0
2022-10-04,16.5,0
2022-10-05,8.6,0
2022-10-06,5.2,0
2022-10-07,35.9,1
2022-10-08,23.3,0
2022-10-09,30.7,1
2022-10-10,2.4,0
2022-10-11,33.6,1
2022-10-12,4.0,0
2022-10-13,19.1,0
2022-10-14,27.9,1
2022-10-15,44.8,1
2022-10-16,8.1,0
2022-10-17,17.3,0
2022-10-18,23.7,0
2022-10-19,22.1,0
2022-10-20,47.8,1
2022-10-21,30.2,1
2022-10-22,3.0,0
2022-10-23,26.7,1
2022-10-24,30.6,1
2022-10-25,5.8,0
2022-10-26,42.5,1
2022-10-27,42.2,1
2022-10-28,5.5,0
2022-10-29,34.2,1
2022-10-30,14.7,0
2022-10-31,34.0,1
2022-11-01,2.7,0
2022-11-02,6.5,0
2022-11-03,12.0,0
2022-11-04,18.2,0
2022-11-05,28.3,1
2022-11-06,4.0,0
2022-11-07,19.4,0
2022-11-08,37.2,1
2022-11-09,26.2,1
2022-11-10,34.1,1
2022-11-11,4.2,0
2022-11-12,24.3,0
2022-11-13,43.1,1
2022-11-14,15.6,0
2022-11-15,36.3,1
2022-11-16,23.4,0
2022-11-17,16.4,0
2022-11-18,19.1,0
2022-11-19,41.4,1
2022-11-20,19.0,0
2022-11-21,1.7,0
2022-11-22,22.7,0
2022-11-23,9.5,0
2022-11-24,13.5,0
2022-11-25,31.5,1
2022-11-26,44.6,1
2022-11-27,15.7,0
2022-11-28,30.7,1
2022-11-29,8.2,0
2022-11-30,36.9,1
2022-12-01,49.4,1
2022-12-02,48.4,1
2022-12-03,4.1,0
2022-12-04,35.2,1
2022-12-05,18.1,0
2022-12-06,28.6,1
2022-12-07,25.4,1
2022-12-08,32.5,1
2022-12-09,4.2,0
2022-12-10,29.6,1
2022-12-11,9.0,0
2022-12-12,41.0,1
2022-12-13,46.8,1
2022-12-14,26.6,1
2022-12-15,15.4,0
2022-12-16,32.6,1
2022-12-17,16.0,0
2022-12-18,40.2,1
2022-12-19,41.6,1
2022-12-20,1.8,0
2022-12-21,33.1,1
2022-12-22,37.8,1
2022-12-23,3.0,0
2022-12-24,48.6,1
2022-12-25,30.2,1
2022-12-26,18.8,0
2022-12-27,7.9,0
2022-12-28,10.9,0
2022-12-29,29.1,1
2022-12-30,19.1,0
2022-12-31,41.7,1
2023-01-01,29.6,1
2023-01-02,38.8,1
2023-01-03,14.7,0
2023-01-04,43.4,1
2023-01-05,47.6,1
2023-01-06,15.4,0
2023-01-07,30.4,1
2023-01-08,31.5,1
2023-01-09,20.7,0
2023-01-10,47.9,1
2023-01-11,23.1,0
2023-01-12,0.1,0
2023-01-13,18.5,0
2023-01-14,43.0,1
2023-01-15,13.9,0
2023-01-16,39.5,1
2023-01-17,21.9,0
2023-01-18,9.0,0
2023-01-19,6.8,0
2023-01-20,28.7,1
2023-01-21,11.4,0
2023-01-22,1.7,0
2023-01-23,25.7,1
2023-01-24,9.8,0
2023-01-25,18.0,0
2023-01-26,5.2,0
2023-01-27,11.5,0
2023-01-28,42.3,1
2023-01-29,30.2,1
2023-01-30,29.6,1
2023-01-31,20.8,0
2023-02-01,49.9,1
2023-02-02,1.5,0
2023-02-03,35.9,1
2023-02-04,39.5,1
2023-02-05,9.4,0
2023-02-06,24.9,0
2023-02-07,35.0,1
2023-02-08,24.8,0
2023-02-09,49.3,1
2023-02-10,9.7,0
2023-02-11,41.0,1
2023-02-12,20.6,0
2023-02-13,30.0,1
2023-02-14,37.8,1
2023-02-15,35.4,1
2023-02-16,20.7,0
2023-02-17,32.3,1
2023-02-18,33.5,1
2023-02-19,25.9,1
2023-02-20,34.8,1
2023-02-21,35.7,1
2023-02-22,45.6,1
2023-02-23,21.1,0
2023-02-24,43.6,1
2023-02-25,16.0,0
2023-02-26,45.5,1
2023-02-27,0.3,0
2023-02-28,12.1,0
2023-03-01,1.3,0
2023-03-02,34.8,1
2023-03-03,38.6,1
2023-03-04,48.4,1
2023-03-05,49.3,1
2023-03-06,3.7,0
2023-03-07,3.5,0
2023-03-08,45.0,1
2023-03-09,36.5,1
2023-03-10,6.3,0
2023-03-11,40.5,1
2023-03-12,33.4,1
2023-03-13,3.9,0
2023-03-14,14.0,0
2023-03-15,40.4,1
2023-03-16,22.7,0
2023-03-17,23.9,0
2023-03-18,28.0,1
2023-03-19,9.2,0
2023-03-20,0.9,0
2023-03-21,14.8,0
2023-03-22,30.2,1
2023-03-23,14.1,0
2023-03-24,3.5,0
2023-03-25,16.5,0
2023-03-26,22.1,0
2023-03-27,7.8,0
2023-03-28,34.7,1
2023-03-29,13.0,0
2023-03-30,3.2,0
2023-03-31,39.5,1
2023-04-01,18.6,0
2023-04-02,42.5,1
2023-04-03,37.2,1
2023-04-04,0.2,0
2023-04-05,48.2,1
2023-04-06,18.2,0
2023-04-07,6.7,0
2023-04-08,11.7,0
2023-04-09,47.4,1
2023-04-10,1.2,0
2023-04-11,3.9,0
2023-04-12,42.4,1
2023-04-13,23.5,0
2023-04-14,17.5,0
2023-04-15,42.0,1
2023-04-16,12.9,0
2023-04-17,14.7,0
2023-04-18,47.1,1
2023-04-19,32.7,1
2023-04-20,3.1,0
2023-04-21,10.3,0
2023-04-22,20.3,0
2023-04-23,38.3,1
2023-04-24,24.2,0
2023-04-25,16.1,0
2023-04-26,24.7,0
2023-04-27,47.9,1
2023-04-28,12.2,0
2023-04-29,21.8,0
2023-04-30,39.3,1
2023-05-01,1.9,0
2023-05-02,9.9,0
2023-05-03,45.6,1
2023-05-04,9.2,0
2023-05-05,4.8,0
2023-05-06,35.5,1
2023-05-07,43.3,1
2023-05-08,6.4,0
2023-05-09,30.2,1
2023-05-10,31.7,1
2023-05-11,2.6,0
2023-05-12,43.5,1
2023-05-13,36.0,1
2023-05-14,34.2,1
2023-05-15,23.8,0
2023-05-16,1.2,0
2023-05-17,28.0,1
2023-05-18,46.2,1
2023-05-19,48.6,1
2023-05-20,2.8,0
2023-05-21,13.5,0
2023-05-22,27.8,1
2023-05-23,20.2,0
2023-05-24,6.2,0
2023-05-25,42.7,1
2023-05-26,12.3,0
2023-05-27,27.3,1
2023-05-28,48.8,1
2023-05-29,37.7,1
2023-05-30,14.6,0
2023-05-31,48.5,1
2023-06-01,12.2,0
2023-06-02,12.1,0
2023-06-03,40.0,1
2023-06-04,7.8,0
2023-06-05,10.6,0
2023-06-06,35.3,1
2023-06-07,17.5,0
2023-06-08,22.2,0
2023-06-09,19.4,0
2023-06-10,33.5,1
2023-06-11,46.5,1
2023-06-12,47.8,1
2023-06-13,33.4,1
2023-06-14,24.1,0
2023-06-15,48.1,1
2023-06-16,10.0,0
2023-06-17,29.6,1
2023-06-18,43.8,1
2023-06-19,36.6,1
2023-06-20,26.5,1
2023-06-21,18.8,0
2023-06-22,6.5,0
2023-06-23,8.8,0
2023-06-24,49.9,1
2023-06-25,8.9,0
2023-06-26,14.7,0
2023-06-27,21.1,0
2023-06-28,36.1,1
2023-06-29,23.6,0
2023-06-30,3.9,0
2023-07-01,6.3,0
2023-07-02,41.4,1
2023-07-03,25.2,1
2023-07-04,22.7,0
2023-07-05,40.3,1
2023-07-06,11.5,0
2023-07-07,19.6,0
2023-07-08,28.1,1
2023-07-09,39.0,1
2023-07-10,16.4,0
2023-07-11,8.7,0
2023-07-12,0.9,0
2023-07-13,26.0,1
2023-07-14,43.1,1
2023-07-15,9.5,0
2023-07-16,25.6,1
2023-07-17,18.2,0
2023-07-18,33.4,1
2023-07-19,0.3,0
2023-07-20,30.7,1
2023-07-21,19.4,0
2023-07-22,10.0,0
2023-07-23,28.9,1
2023-07-24,20.7,0
2023-07-25,48.6,1
2023-07-26,44.0,1
2023-07-27,26.4,1
2023-07-28,34.2,1
2023-07-29,14.1,0
2023-07-30,13.0,0
2023-07-31,27.1,1
2023-08-01,46.7,1
2023-08-02,45.6,1
2023-08-03,38.2,1
2023-08-04,19.0,0
2023-08-05,16.9,0
2023-08-06,15.9,0
2023-08-07,35.6,1
2023-08-08,17.1,0
2023-08-09,33.2,1
2023-08-10,41.0,1
2023-08-11,16.3,0
2023-08-12,23.2,0
2023-08-13,19.4,0
2023-08-14,49.0,1
2023-08-15,30.1,1
2023-08-16,19.0,0
2023-08-17,32.0,1
2023-08-18,39.7,1
2023-08-19,4.1,0
2023-08-20,1.4,0
2023-08-21,8.9,0
2023-08-22,31.6,1
2023-08-23,19.1,0
2023-08-24,46.8,1
2023-08-25,45.3,1
2023-08-26,47.5,1
2023-08-27,24.7,0
2023-08-28,7.7,0
2023-08-29,21.3,0
2023-08-30,27.6,1
2023-08-31,7.4,0
2023-09-01,45.5,1
2023-09-02,37.2,1
2023-09-03,31.5,1
2023-09-04,13.7,0
2023-09-05,39.3,1
2023-09-06,48.5,1
2023-09-07,0.2,0
2023-09-08,6.1,0
2023-09-09,18.7,0
2023-09-10,46.8,1
2023-09-11,22.4,0
2023-09-12,28.0,1
2023-09-13,17.3,0
2023-09-14,32.1,1
2023-09-15,44.2,1
2023-09-16,14.7,0
2023-09-17,43.1,1
2023-09-18,29.0,1
2023-09-19,3.8,0
2023-09-20,20.0,0
2023-09-21,18.2,0
2023-09-22,43.0,1
2023-09-23,45.5,1
2023-09-24,17.5,0
2023-09-25,22.0,0
2023-09-26,17.0,0
2023-09-27,47.0,1
2023-09-28,1.0,0
2023-09-29,22.0,0
2023-09-30,31.1,1
2023-10-01,48.7,1
2023-10-02,45.3,1
2023-10-03,28.9,1
2023-10-04,22.2,0
2023-10-05,2.9,0
2023-10-06,13.6,0
2023-10-07,24.3,0
2023-10-08,46.1,1
2023-10-09,11.8,0
2023-10-10,14.7,0
2023-10-11,21.9,0
2023-10-12,12.4,0
2023-10-13,23.3,0
2023-10-14,37.3,1
2023-10-15,39.3,1
2023-10-16,22.3,0
2023-10-17,46.5,1
2023-10-18,2.6,0
2023-10-19,28.7,1
2023-10-20,45.2,1
2023-10-21,24.6,0
2023-10-22,48.1,1
2023-10-23,14.4,0
2023-10-24,43.7,1
2023-10-25,28.9,1
2023-10-26,47.7,1
2023-10-27,32.9,1
2023-10-28,6.4,0
2023-10-29,11.3,0
2023-10-30,16.7,0
2023-10-31,17.0,0
2023-11-01,40.3,1
2023-11-02,19.4,0
2023-11-03,46.5,1
2023-11-04,45.7,1
2023-11-05,18.7,0
2023-11-06,42.0,1
2023-11-07,46.3,1
2023-11-08,26.9,1
2023-11-09,43.6,1
2023-11-10,12.7,0
2023-11-11,28.3,1
2023-11-12,7.1,0
2023-11-13,12.8,0
2023-11-14,36.0,1
2023-11-15,25.0,0
2023-11-16,47.5,1
2023-11-17,23.5,0
2023-11-18,46.7,1
2023-11-19,49.3,1
2023-11-20,2.1,0
2023-11-21,42.2,1
2023-11-22,24.1,0
2023-11-23,8.7,0
2023-11-24,0.1,0
2023-11-25,2.4,0
2023-11-26,37.1,1
2023-11-27,41.0,1
2023-11-28,9.0,0
2023-11-29,39.1,1
2023-11-30,3.2,0
2023-12-01,41.8,1
2023-12-02,33.7,1
2023-12-03,48.5,1
2023-12-04,32.3,1
2023-12-05,42.5,1
2023-12-06,48.2,1
2023-12-07,34.4,1
2023-12-08,48.9,1
2023-12-09,48.1,1
2023-12-10,44.3,1
2023-12-11,14.3,0
2023-12-12,23.9,0
2023-12-13,39.8,1
2023-12-14,24.2,0
2023-12-15,11.2,0
2023-12-16,47.9,1
2023-12-17,21.2,0
2023-12-18,8.9,0
2023-12-19,38.5,1
2023-12-20,35.4,1
2023-12-21,4.0,0
2023-12-22,23.8,0
2023-12-23,20.6,0
2023-12-24,46.1,1
2023-12-25,46.2,1
2023-12-26,35.8,1
2023-12-27,16.5,0
2023-12-28,48.6,1
2023-12-29,27.1,1
2023-12-30,40.5,1
